Pad Name,A,B,,,,,,C,D,E,F,G,H,I,J,K,L,M,N
,EIC,ANAREF,ADC0,ADC1,AC,DAC,PTC,SERCOM,SERCOM,TC,TCC,"TCC, PDEC","QSPI, CAN1, USB, CORTEX_CM4","SDHC, CAN0",I2S,PCC,GMAC,"GCLK, AC",CCL
PB03,EIC/EXTINT[3],-,ADC0/AIN[15],-,-,-,X21/Y21,-,SERCOM5/PAD[1],TC6/WO[1],-,-,-,-,-,-,-,-,-
PA00,EIC/EXTINT[0],-,-,-,-,-,,-,SERCOM1/PAD[0],TC2/WO[0],-,-,-,-,-,-,-,-,-
PA01,EIC/EXTINT[1],-,-,-,-,-,,-,SERCOM1/PAD[1],TC2/WO[1],-,-,-,-,-,-,-,-,-
PC00,EIC/EXTINT[0],-,-,ADC1/AIN[10],-,-,,-,-,-,-,-,-,-,-,-,-,-,-
PC01,EIC/EXTINT[1],-,-,ADC1/AIN[11],-,-,,-,-,-,-,-,-,-,-,-,-,-,-
PC02,EIC/EXTINT[2],-,-,ADC1/AIN[4],-,-,,-,-,-,-,-,-,-,-,-,-,-,-
PC03,EIC/EXTINT[3],-,-,ADC1/AIN[5],-,-,,-,-,-,-,-,-,-,-,-,-,-,-
PA02,EIC/EXTINT[2],-,ADC0/AIN[0],-,-,DAC/VOUT[0],,-,-,-,-,-,-,-,-,-,-,-,-
PA03,EIC/EXTINT[3],ANAREF/VREFA,ADC0/AIN[1],-,-,-,X0/Y0,-,-,-,-,-,-,-,-,-,-,-,-
PB04,EIC/EXTINT[4],-,-,ADC1/AIN[6],-,-,X22/Y22,-,-,-,-,-,-,-,-,-,-,-,-
PB05,EIC/EXTINT[5],-,-,ADC1/AIN[7],-,-,X23/Y23,-,-,-,-,-,-,-,-,-,-,-,-
PD00,EIC/EXTINT[0],-,-,ADC1/AIN[14],-,-,,-,-,-,-,-,-,-,-,-,-,-,-
PD01,EIC/EXTINT[1],-,-,ADC1/AIN[15],-,-,,-,-,-,-,-,-,-,-,-,-,-,-
PB06,EIC/EXTINT[6],-,-,ADC1/AIN[8],-,-,X24/Y24,-,-,-,-,-,-,-,-,-,-,-,CCL/IN[6]
PB07,EIC/EXTINT[7],-,-,ADC1/AIN[9],-,-,X25/Y25,-,-,-,-,-,-,-,-,-,-,-,CCL/IN[7]
PB08,EIC/EXTINT[8],-,ADC0/AIN[2],ADC1/AIN[0],-,-,X1/Y1,-,SERCOM4/PAD[0],TC4/WO[0],-,-,-,-,-,-,-,-,CCL/IN[8]
PB09,EIC/EXTINT[9],-,ADC0/AIN[3],ADC1/AIN[1],-,-,X2/Y2,-,SERCOM4/PAD[1],TC4/WO[1],-,-,-,-,-,-,-,-,CCL/OUT[2]
PA04,EIC/EXTINT[4],ANAREF/VREFB,ADC0/AIN[4],-,AC/AIN[0],-,X3/Y3,-,SERCOM0/PAD[0],TC0/WO[0],-,-,-,-,-,-,-,-,CCL/IN[0]
PA05,EIC/EXTINT[5],-,ADC0/AIN[5],-,AC/AIN[1],DAC/VOUT[1],,-,SERCOM0/PAD[1],TC0/WO[1],-,-,-,-,-,-,-,-,CCL/IN[1]
PA06,EIC/EXTINT[6],ANAREF/VREFC,ADC0/AIN[6],-,AC/AIN[2],-,X4/Y4,-,SERCOM0/PAD[2],TC1/WO[0],-,-,-,SDHC0/SDCD,-,-,-,-,CCL/IN[2]
PA07,EIC/EXTINT[7],-,ADC0/AIN[7],-,AC/AIN[3],-,X5/Y5,-,SERCOM0/PAD[3],TC1/WO[1],-,-,-,SDHC0/SDWP,-,-,-,-,CCL/OUT[0]
PC04,EIC/EXTINT[4],-,-,-,-,-,,SERCOM6/PAD[0],-,-,TCC0/WO[0],-,-,-,-,-,-,-,-
PC05,EIC/EXTINT[5],-,-,-,-,-,,SERCOM6/PAD[1],-,-,-,-,-,-,-,-,-,-,-
PC06,EIC/EXTINT[6],-,-,-,-,-,,SERCOM6/PAD[2],-,-,-,-,-,SDHC0/SDCD,-,-,-,-,-
PC07,EIC/EXTINT[9],-,-,-,-,-,,SERCOM6/PAD[3],-,-,-,-,-,SDHC0/SDWP,-,-,-,-,-
PA08,EIC/NMI,-,ADC0/AIN[8],ADC1/AIN[2],-,-,X6/Y6,SERCOM0/PAD[0],SERCOM2/PAD[1],TC0/WO[0],TCC0/WO[0],TCC1/WO[4],QSPI/DATA[0],SDHC0/SDCMD,I2S/MCK[0],-,-,-,CCL/IN[3]
PA09,EIC/EXTINT[9],-,ADC0/AIN[9],ADC1/AIN[3],-,-,X7/Y7,SERCOM0/PAD[1],SERCOM2/PAD[0],TC0/WO[1],TCC0/WO[1],TCC1/WO[5],QSPI/DATA[1],SDHC0/SDDAT[0],I2S/FS[0],-,-,-,CCL/IN[4]
PA10,EIC/EXTINT[10],-,ADC0/AIN[10],-,-,-,X8/Y8,SERCOM0/PAD[2],SERCOM2/PAD[2],TC1/WO[0],TCC0/WO[2],TCC1/WO[6],QSPI/DATA[2],SDHC0/SDDAT[1],I2S/SCK[0],-,-,GCLK/IO[4],CCL/IN[5]
PA11,EIC/EXTINT[11],-,ADC0/AIN[11],-,-,-,X9/Y9,SERCOM0/PAD[3],SERCOM2/PAD[3],TC1/WO[1],TCC0/WO[3],TCC1/WO[7],QSPI/DATA[3],SDHC0/SDDAT[2],I2S/SDO,-,-,GCLK/IO[5],CCL/OUT[1]
PB10,EIC/EXTINT[10],-,-,-,-,-,,-,SERCOM4/PAD[2],TC5/WO[0],TCC0/WO[4],TCC1/WO[0],QSPI/SCK,SDHC0/SDDAT[3],I2S/SDI,-,-,GCLK/IO[4],CCL/IN[11]
PB11,EIC/EXTINT[11],-,-,-,-,-,,-,SERCOM4/PAD[3],TC5/WO[1],TCC0/WO[5],TCC1/WO[1],QSPI/CS,SDHC0/SDCK,I2S/FS[1],-,-,GCLK/IO[5],CCL/OUT[1]
PB12,EIC/EXTINT[12],-,-,-,-,-,X26/Y26,SERCOM4/PAD[0],-,TC4/WO[0],TCC3/WO[0],TCC0/WO[0],CAN1/TX,SDHC0/SDCD,I2S/SCK[1],-,-,GCLK/IO[6],-
PB13,EIC/EXTINT[13],-,-,-,-,-,X27/Y27,SERCOM4/PAD[1],-,TC4/WO[1],TCC3/WO[1],TCC0/WO[1],CAN1/RX,SDHC0/SDWP,I2S/MCK[1],-,-,GCLK/IO[7],-
PB14,EIC/EXTINT[14],-,-,-,-,-,X28/Y28,SERCOM4/PAD[2],-,TC5/WO[0],TCC4/WO[0],TCC0/WO[2],CAN1/TX,-,-,PCC/DATA[8],GMAC/GMDC,GCLK/IO[0],CCL/IN[9]
PB15,EIC/EXTINT[15],-,-,-,-,-,X29/Y29,SERCOM4/PAD[3],-,TC5/WO[1],TCC4/WO[1],TCC0/WO[3],CAN1/RX,-,-,PCC/DATA[9],GMAC/GMDIO,GCLK/IO[1],CCL/IN[10]
PD08,EIC/EXTINT[3],-,-,-,-,-,,SERCOM7/PAD[0],SERCOM6/PAD[1],-,TCC0/WO[1],-,-,-,-,-,-,-,-
PD09,EIC/EXTINT[4],-,-,-,-,-,,SERCOM7/PAD[1],SERCOM6/PAD[0],-,TCC0/WO[2],-,-,-,-,-,-,-,-
PD10,EIC/EXTINT[5],-,-,-,-,-,,SERCOM7/PAD[2],SERCOM6/PAD[2],-,TCC0/WO[3],-,-,-,-,-,-,-,-
PD11,EIC/EXTINT[6],-,-,-,-,-,,SERCOM7/PAD[3],SERCOM6/PAD[3],-,TCC0/WO[4],-,-,-,-,-,-,-,-
PD12,EIC/EXTINT[7],-,-,-,-,-,,-,-,-,TCC0/WO[5],-,-,-,-,-,-,-,-
PC10,EIC/EXTINT[10],-,-,-,-,-,,SERCOM6/PAD[2],SERCOM7/PAD[2],-,TCC0/WO[0],TCC1/WO[4],-,-,-,-,-,-,-
PC11,EIC/EXTINT[11],-,-,-,-,-,,SERCOM6/PAD[3],SERCOM7/PAD[3],-,TCC0/WO[1],TCC1/WO[5],-,-,-,-,GMAC/GMDC,-,-
PC12,EIC/EXTINT[12],-,-,-,-,-,,SERCOM7/PAD[0],SERCOM6/PAD[1],-,TCC0/WO[2],TCC1/WO[6],-,-,-,PCC/DATA[10],GMAC/GMDIO,-,-
PC13,EIC/EXTINT[13],-,-,-,-,-,,SERCOM7/PAD[1],SERCOM6/PAD[0],-,TCC0/WO[3],TCC1/WO[7],-,-,-,PCC/DATA[11],-,-,-
PC14,EIC/EXTINT[14],-,-,-,-,-,,SERCOM7/PAD[2],SERCOM6/PAD[2],-,TCC0/WO[4],TCC1/WO[0],-,-,-,PCC/DATA[12],GMAC/GRX[3],-,-
PC15,EIC/EXTINT[15],-,-,-,-,-,,SERCOM7/PAD[3],SERCOM6/PAD[3],-,TCC0/WO[5],TCC1/WO[1],-,-,-,PCC/DATA[13],GMAC/GRX[2],-,-
PA12,EIC/EXTINT[12],-,-,-,-,-,,SERCOM2/PAD[0],SERCOM4/PAD[1],TC2/WO[0],TCC0/WO[6],TCC1/WO[2],-,SDHC0/SDCD,-,PCC/DEN1,GMAC/GRX[1],AC/CMP[0],-
PA13,EIC/EXTINT[13],-,-,-,-,-,,SERCOM2/PAD[1],SERCOM4/PAD[0],TC2/WO[1],TCC0/WO[7],TCC1/WO[3],-,SDHC0/SDWP,-,PCC/DEN2,GMAC/GRX[0],AC/CMP[1],-
PA14,EIC/EXTINT[14],-,-,-,-,-,,SERCOM2/PAD[2],SERCOM4/PAD[2],TC3/WO[0],TCC2/WO[0],TCC1/WO[2],-,-,-,PCC/CLK,GMAC/GTXCK,GCLK/IO[0],-
PA15,EIC/EXTINT[15],-,-,-,-,-,,SERCOM2/PAD[3],SERCOM4/PAD[3],TC3/WO[1],TCC2/WO[1],TCC1/WO[3],-,-,-,-,GMAC/GRXER,GCLK/IO[1],-
PA16,EIC/EXTINT[0],-,-,-,-,-,X10/Y10,SERCOM1/PAD[0],SERCOM3/PAD[1],TC2/WO[0],TCC1/WO[0],TCC0/WO[4],-,-,-,PCC/DATA[0],GMAC/GCRS/GRXDV(6),GCLK/IO[2],CCL/IN[0]
PA17,EIC/EXTINT[1],-,-,-,-,-,X11/Y11,SERCOM1/PAD[1],SERCOM3/PAD[0],TC2/WO[1],TCC1/WO[1],TCC0/WO[5],-,-,-,PCC/DATA[1],GMAC/GTXEN,GCLK/IO[3],CCL/IN[1]
PA18,EIC/EXTINT[2],-,-,-,-,-,X12/Y12,SERCOM1/PAD[2],SERCOM3/PAD[2],TC3/WO[0],TCC1/WO[2],TCC0/WO[6],-,-,-,PCC/DATA[2],GMAC/GTX[0],AC/CMP[0],CCL/IN[2]
PA19,EIC/EXTINT[3],-,-,-,-,-,X13/Y13,SERCOM1/PAD[3],SERCOM3/PAD[3],TC3/WO[1],TCC1/WO[3],TCC0/WO[7],-,-,-,PCC/DATA[3],GMAC/GTX[1],AC/CMP[1],CCL/OUT[0]
PC16,EIC/EXTINT[0],-,-,-,-,-,,SERCOM6/PAD[0],SERCOM0/PAD[1],-,TCC0/WO[0],PDEC/PDEC[0],-,-,-,-,GMAC/GTX[2],-,-
PC17,EIC/EXTINT[1],-,-,-,-,-,,SERCOM6/PAD[1],SERCOM0/PAD[0],-,TCC0/WO[1],PDEC/PDEC[1],-,-,-,-,GMAC/GTX[3],-,-
PC18,EIC/EXTINT[2],-,-,-,-,-,,SERCOM6/PAD[2],SERCOM0/PAD[2],-,TCC0/WO[2],PDEC/PDEC[2],-,-,-,-,GMAC/GRXCK,-,-
PC19,EIC/EXTINT[3],-,-,-,-,-,,SERCOM6/PAD[3],SERCOM0/PAD[3],-,TCC0/WO[3],-,-,-,-,-,GMAC/GTXER,-,-
PC20,EIC/EXTINT[4],-,-,-,-,-,,-,-,-,TCC0/WO[4],-,-,SDHC1/SDCD,-,-,GMAC/GRXDV,-,CCL/IN[9]
PC21,EIC/EXTINT[5],-,-,-,-,-,,-,-,-,TCC0/WO[5],-,-,SDHC1/SDWP,-,-,GMAC/GCOL,-,CCL/IN[10]
PC22,EIC/EXTINT[6],-,-,-,-,-,,SERCOM1/PAD[0],SERCOM3/PAD[1],-,TCC0/WO[6],-,-,-,-,-,GMAC/GMDC,-,-
PC23,EIC/EXTINT[7],-,-,-,-,-,,SERCOM1/PAD[1],SERCOM3/PAD[0],-,TCC0/WO[7],-,-,-,-,-,GMAC/GMDIO,-,-
PD20,EIC/EXTINT[10],-,-,-,-,-,,SERCOM1/PAD[2],SERCOM3/PAD[2],-,TCC1/WO[0],-,-,SDHC1/SDCD,-,-,-,-,-
PD21,EIC/EXTINT[11],-,-,-,-,-,,SERCOM1/PAD[3],SERCOM3/PAD[3],-,TCC1/WO[1],-,-,SDHC1/SDWP,-,-,-,-,-
PB16,EIC/EXTINT[0],-,-,-,-,-,,SERCOM5/PAD[0],-,TC6/WO[0],TCC3/WO[0],TCC0/WO[4],-,SDHC1/SDCD,I2S/SCK[0],-,-,GCLK/IO[2],CCL/IN[11]
PB17,EIC/EXTINT[1],-,-,-,-,-,,SERCOM5/PAD[1],-,TC6/WO[1],TCC3/WO[1],TCC0/WO[5],-,SDHC1/SDWP,I2S/MCK[0],-,-,GCLK/IO[3],CCL/OUT[3]
PB18,EIC/EXTINT[2],-,-,-,-,-,,SERCOM5/PAD[2],SERCOM7/PAD[2],-,TCC1/WO[0],PDEC/PDEC[0],-,SDHC1/SDDAT[0],-,-,-,GCLK/IO[4],-
PB19,EIC/EXTINT[3],-,-,-,-,-,,SERCOM5/PAD[3],SERCOM7/PAD[3],-,TCC1/WO[1],PDEC/PDEC[1],-,SDHC1/SDDAT[1],-,-,-,GCLK/IO[5],-
PB20,EIC/EXTINT[4],-,-,-,-,-,,SERCOM3/PAD[0],SERCOM7/PAD[1],-,TCC1/WO[2],PDEC/PDEC[2],-,SDHC1/SDDAT[2],-,-,-,GCLK/IO[6],-
PB21,EIC/EXTINT[5],-,-,-,-,-,,SERCOM3/PAD[1],SERCOM7/PAD[0],-,TCC1/WO[3],-,-,SDHC1/SDDAT[3],-,-,-,GCLK/IO[7],-
PA20,EIC/EXTINT[4],-,-,-,-,-,X14/Y14,SERCOM5/PAD[2],SERCOM3/PAD[2],TC7/WO[0],TCC1/WO[4],TCC0/WO[0],-,SDHC1/SDCMD,I2S/FS[0],PCC/DATA[4],GMAC/GMDC,-,-
PA21,EIC/EXTINT[5],-,-,-,-,-,X15/Y15,SERCOM5/PAD[3],SERCOM3/PAD[3],TC7/WO[1],TCC1/WO[5],TCC0/WO[1],-,SDHC1/SDCK,I2S/SDO,PCC/DATA[5],GMAC/GMDIO,-,-
PA22,EIC/EXTINT[6],-,-,-,-,-,X16/Y16,SERCOM3/PAD[0],SERCOM5/PAD[1],TC4/WO[0],TCC1/WO[6],TCC0/WO[2],-,CAN0/TX,I2S/SDI,PCC/DATA[6],-,-,CCL/IN[6]
PA23,EIC/EXTINT[7],-,-,-,-,-,X17/Y17,SERCOM3/PAD[1],SERCOM5/PAD[0],TC4/WO[1],TCC1/WO[7],TCC0/WO[3],USB/SOF_1KHZ,CAN0/RX,I2S/FS[1],PCC/DATA[7],-,-,CCL/IN[7]
PA24,EIC/EXTINT[8],-,-,-,-,-,,SERCOM3/PAD[2],SERCOM5/PAD[2],TC5/WO[0],TCC2/WO[2],PDEC/PDEC[0],USB/DM,CAN0/TX,-,-,-,-,CCL/IN[8]
PA25,EIC/EXTINT[9],-,-,-,-,-,,SERCOM3/PAD[3],SERCOM5/PAD[3],TC5/WO[1],-,PDEC/PDEC[1],USB/DP,CAN0/RX,-,-,-,-,CCL/OUT[2]
PB22,EIC/EXTINT[6],-,-,-,-,-,,SERCOM1/PAD[2],SERCOM5/PAD[2],TC7/WO[0],-,PDEC/PDEC[2],USB/SOF_1KHZ,-,-,-,-,GCLK/IO[0],CCL/IN[0]
PB23,EIC/EXTINT[7],-,-,-,-,-,,SERCOM1/PAD[3],SERCOM5/PAD[3],TC7/WO[1],-,PDEC/PDEC[0],-,-,-,-,-,GCLK/IO[1],CCL/OUT[0]
PB24,EIC/EXTINT[8],-,-,-,-,-,,SERCOM0/PAD[0],SERCOM2/PAD[1],-,-,PDEC/PDEC[1],-,-,-,-,-,AC/CMP[0],-
PB25,EIC/EXTINT[9],-,-,-,-,-,,SERCOM0/PAD[1],SERCOM2/PAD[0],-,-,PDEC/PDEC[2],-,-,-,-,-,AC/CMP[1],-
PB26,EIC/EXTINT[12],-,-,-,-,-,,SERCOM2/PAD[0],SERCOM4/PAD[1],-,TCC1/WO[2],-,-,-,-,-,-,-,-
PB27,EIC/EXTINT[13],-,-,-,-,-,,SERCOM2/PAD[1],SERCOM4/PAD[0],-,TCC1/WO[3],-,-,-,-,-,-,-,-
PB28,EIC/EXTINT[14],-,-,-,-,-,,SERCOM2/PAD[2],SERCOM4/PAD[2],-,TCC1/WO[4],-,-,-,I2S/SCK[1],-,-,-,-
PB29,EIC/EXTINT[15],-,-,-,-,-,,SERCOM2/PAD[3],SERCOM4/PAD[3],-,TCC1/WO[5],-,-,-,I2S/MCK[1],-,-,-,-
PC24,EIC/EXTINT[8],-,-,-,-,-,,SERCOM0/PAD[2],SERCOM2/PAD[2],-,-,-,CORTEX_CM4/TRACEDATA[3],-,-,-,-,-,-
PC25,EIC/EXTINT[9],-,-,-,-,-,,SERCOM0/PAD[3],SERCOM2/PAD[3],-,-,-,CORTEX_CM4/TRACEDATA[2],-,-,-,-,-,-
PC26,EIC/EXTINT[10],-,-,-,-,-,,-,-,-,-,-,CORTEX_CM4/TRACEDATA[1],-,-,-,-,-,-
PC27,EIC/EXTINT[11],-,-,-,-,-,,SERCOM1/PAD[0],-,-,-,-,CORTEX_CM4/TRACECLK,-,-,-,-,CORTEX_M4/SWO,CCL/IN[4]
PC28,EIC/EXTINT[12],-,-,-,-,-,,SERCOM1/PAD[1],-,-,-,-,CORTEX_CM4/TRACEDATA[0],-,-,-,-,-,CCL/IN[5]
PA27,EIC/EXTINT[11],-,-,-,-,-,X18/Y18,-,-,-,-,-,,-,-,-,-,GCLK/IO[1],-
RESET_N,-,-,-,-,-,-,,-,-,-,-,-,-,-,-,-,-,-,-
PA30,EIC/EXTINT[14],-,-,-,-,-,X19/Y19,SERCOM7/PAD[2],SERCOM1/PAD[2],TC6/WO[0],TCC2/WO[0],-,CORTEX_CM4/SWCLK,-,-,-,-,GCLK/IO[0],CCL/IN[3]
PA31,EIC/EXTINT[15],-,-,-,-,-,,SERCOM7/PAD[3],SERCOM1/PAD[3],TC6/WO[1],TCC2/WO[1],-,CORTEX_CM4/SWDIO-,-,-,-,-,-,CCL/OUT[1]
PB30,EIC/EXTINT[14],-,-,-,-,-,,SERCOM7/PAD[0],SERCOM5/PAD[1],TC0/WO[0],TCC4/WO[0],TCC0/WO[6],CORTEX_CM4/SWO,-,-,-,-,-,-
PB31,EIC/EXTINT[15],-,-,-,-,-,,SERCOM7/PAD[1],SERCOM5/PAD[0],TC0/WO[1],TCC4/WO[1],TCC0/WO[7],,-,-,-,-,-,-
PC30,EIC/EXTINT[14],-,-,ADC1/AIN[12],-,-,,-,-,-,-,-,-,-,-,-,-,-,-
PC31,EIC/EXTINT[15],-,-,ADC1/AIN[13],-,-,,-,-,-,-,-,-,-,-,-,-,-,-
PB00,EIC/EXTINT[0],-,ADC0/AIN[12],-,-,-,X30/Y30,-,SERCOM5/PAD[2],TC7/WO[0],-,-,-,-,-,-,-,-,CCL/IN[1]
PB01,EIC/EXTINT[1],-,ADC0/AIN[13],-,-,-,X31/Y31,-,SERCOM5/PAD[3],TC7/WO[1],-,-,-,-,-,-,-,-,CCL/IN[2]
PB02,EIC/EXTINT[2],-,ADC0/AIN[14],-,-,-,X20/Y20,-,SERCOM5/PAD[0],TC6/WO[0],TCC2/WO[2],-,-,-,-,-,-,-,CCL/OUT[0]